{"total_revenue": 103715787.55018066, "revenue_per_region": {"United Kingdom": 6.23, "Canada": 56.56, "United States": 4.949999999999999, "India": 37.38, "Italy": 6.72, "France": 17.9, "Japan": 37.5, "Germany": 2.55, "Russia": 11.25, "China": 11.8}, "file_name": "2015"}