{"total_revenue": 138145643.92608556, "revenue_per_region": {"Canada": 7.5, "Germany": 3.26, "France": 4.2, "India": 1.66, "Russia": 2.1, "United States": 0.42, "China": 8.0, "Italy": 4.95, "United Kingdom": 38.099999999999994, "Japan": 4.55}, "file_name": "2016"}