{"total_revenue": 169003735.45002958, "revenue_per_region": {"Canada": 4.949999999999999, "Germany": 12.3, "France": 0.83, "United States": 2.1, "United Kingdom": 29.9, "India": 17.37, "Russia": 29.61, "Italy": 3.9, "Japan": 0.39, "China": 23.16}, "file_name": "2017"}