{"total_revenue": 172755947.31502715, "revenue_per_region": {"Canada": 8.15, "United States": 2.46, "China": 4.25, "Russia": 12.39, "Italy": 4.92, "India": 44.75, "France": 44.849999999999994, "Germany": 4.92, "United Kingdom": 12.5, "Japan": 33.16}, "file_name": "2018"}