{"total_revenue": 210991175.93360126, "revenue_per_region": {"United States": 0.79, "Germany": 4.2, "India": 2.46, "France": 7.38, "China": 0.39, "United Kingdom": 4.92, "Japan": 8.3, "Canada": 7.5, "Russia": 8.850000000000001, "Italy": 24.78}, "file_name": "2019"}