{"total_revenue": 235081135.41092467, "revenue_per_region": {"France": 58.029999999999994, "Canada": 4.95, "United States": 30.0, "China": 14.879999999999999, "Germany": 24.869999999999997, "Italy": 0.5700000000000001, "United Kingdom": 0.38, "Russia": 9.92, "Japan": 5.0, "India": 4.15}, "file_name": "2020"}