{"total_revenue": 192846281.6542551, "revenue_per_region": {"France": 6.58, "Canada": 8.67, "United Kingdom": 5.81, "Japan": 34.65, "China": 8.73, "Russia": 12.39, "India": 14.879999999999999, "United States": 33.04, "Germany": 8.26, "Italy": 5.1}, "file_name": "2021"}