{"total_revenue": 19908913.770007327, "revenue_per_region": {"Japan": 1201056.6229999494, "United Kingdom": 3484113.7209996465, "Germany": 1871674.6739997715, "United States": 4235367.331999582, "France": 1854313.6979997158, "Russia": 1244415.270999961, "Italy": 909155.2980000278, "Canada": 1544968.4479998597, "India": 2806037.7159997676, "China": 757810.9890000147}, "file_name": "2015"}