{"total_revenue": 21016219.920008007, "revenue_per_region": {"United States": 3367366.14199951, "United Kingdom": 4539192.073999561, "Italy": 1326201.0599999602, "France": 2176799.0359997656, "India": 2040297.6609997759, "Japan": 931456.8570000253, "Russia": 1121828.7909999972, "Germany": 2690889.058999822, "Canada": 2028326.6159996553, "China": 793862.6240000257}, "file_name": "2016"}