{"total_revenue": 22881831.260009855, "revenue_per_region": {"United Kingdom": 4515061.5229995325, "Germany": 1883754.6469997405, "Canada": 2934804.1429997943, "United States": 4126206.638999557, "India": 2641533.2739998125, "Russia": 1227226.8969999328, "France": 2393271.9609998204, "China": 1062381.8680000093, "Japan": 1006699.5680000173, "Italy": 1090890.7400000005}, "file_name": "2017"}