{"total_revenue": 26146186.42601483, "revenue_per_region": {"United States": 5510308.900999491, "France": 3113435.481999734, "Canada": 2832001.0419996656, "China": 988332.394000014, "India": 3112776.9109997516, "United Kingdom": 4296022.384999494, "Japan": 1161634.8659999785, "Germany": 2805089.6099996907, "Italy": 1122166.203999976, "Russia": 1204418.63099997}, "file_name": "2018"}