{"total_revenue": 29119835.38301552, "revenue_per_region": {"China": 1357700.8259999412, "United Kingdom": 5825644.468999445, "Japan": 1202861.6299999594, "Canada": 2706658.2309997254, "France": 3039047.2149997316, "Germany": 3114388.585999722, "United States": 5838170.719999302, "Russia": 1399240.6249998806, "India": 2880325.717999627, "Italy": 1755797.3629998886}, "file_name": "2019"}