{"total_revenue": 30934428.434018183, "revenue_per_region": {"United Kingdom": 6279444.435999297, "United States": 6136772.4869994065, "Germany": 2868225.386999742, "China": 1580861.8469999821, "Japan": 1243891.96299995, "Canada": 2908918.974999661, "France": 2750321.0799996858, "India": 3749428.3009997327, "Italy": 1658825.5189998667, "Russia": 1757738.4389998363}, "file_name": "2020"}