{"total_revenue": 30721279.940020423, "revenue_per_region": {"Germany": 3044090.100999617, "India": 2635895.475999694, "France": 2973906.4619996813, "United Kingdom": 6370669.774999273, "Japan": 1891668.4319998424, "Italy": 1316982.928999972, "Canada": 3003378.028999696, "United States": 6405757.821999215, "China": 1356734.4329999587, "Russia": 1722196.4809998383}, "file_name": "2021"}