{"total_revenue": 2265514.6759997993, "revenue_per_region": {"France": 5.0, "United States": 4.95, "India": 0.78, "United Kingdom": 3.5100000000000002, "China": 19.14, "Germany": 2.46, "Canada": 99.5, "Italy": 39.75, "Japan": 16.5, "Russia": 1.26}, "file_name": "2015"}