{"total_revenue": 2182296.6069997083, "revenue_per_region": {"Italy": 11.6, "Russia": 1.63, "Canada": 19.8, "China": 6.58, "United States": 8.850000000000001, "United Kingdom": 0.83, "France": 8.0, "India": 3.32, "Germany": 2.9, "Japan": 0.85}, "file_name": "2016"}