{"total_revenue": 2081475.1079997467, "revenue_per_region": {"Japan": 14.76, "Canada": 1.68, "United States": 4.89, "France": 2.5, "China": 4.92, "United Kingdom": 6.58, "India": 0.42, "Germany": 8.850000000000001, "Russia": 1.56, "Italy": 0.65}, "file_name": "2017"}