{"total_revenue": 2855131.3329997472, "revenue_per_region": {"United Kingdom": 3.32, "Russia": 12.39, "United States": 9.0, "Japan": 2.46, "Germany": 2.55, "India": 9.870000000000001, "Canada": 0.83, "Italy": 1.58, "China": 18.75, "France": 10.0}, "file_name": "2018"}