{"total_revenue": 2703978.2939997506, "revenue_per_region": {"Russia": 16.52, "United States": 6.300000000000001, "France": 1.68, "United Kingdom": 25.0, "Japan": 8.3, "Canada": 1.63, "India": 4.96, "Italy": 19.84, "Germany": 1.25, "China": 7.470000000000001}, "file_name": "2019"}