{"total_revenue": 3445476.4739997345, "revenue_per_region": {"India": 14.75, "United States": 4.1499999999999995, "Russia": 5.79, "United Kingdom": 5.2, "Canada": 1.25, "Japan": 1.59, "Germany": 10.0, "China": 74.25, "France": 1.26, "Italy": 3.75}, "file_name": "2020"}