{"total_revenue": 3061993.281999771, "revenue_per_region": {"United States": 29.84, "Germany": 0.42, "United Kingdom": 4.13, "France": 17.22, "Italy": 11.7, "Canada": 12.75, "India": 24.869999999999997, "China": 23.85, "Japan": 0.84, "Russia": 20.25}, "file_name": "2021"}