{"total_revenue": 103715787.55018066, "revenue_per_region": {"United Kingdom": 19306243.27000632, "Canada": 11018626.4060001, "United States": 21314992.249008264, "India": 10817520.113000125, "Italy": 5316269.486999423, "France": 9950334.011999711, "Japan": 5184516.070999512, "Germany": 10573013.034000445, "Russia": 4617835.233999362, "China": 5616437.673999433}, "file_name": "2015"}