{"total_revenue": 138145643.92608556, "revenue_per_region": {"Canada": 13475756.511001207, "Germany": 12637715.824001124, "France": 13582492.208001407, "India": 14540146.91000159, "Russia": 6467046.573999176, "United States": 27804062.325016145, "China": 7608228.940999168, "Italy": 7389818.454999169, "United Kingdom": 28092518.00701604, "Japan": 6547858.1709992215}, "file_name": "2016"}