{"total_revenue": 169003735.45002958, "revenue_per_region": {"Canada": 18243175.006004, "Germany": 16998086.98800313, "France": 17505683.720004216, "United States": 33728429.39602325, "United Kingdom": 32590314.994022567, "India": 16637484.904002184, "Russia": 7391973.389999047, "Italy": 8446438.174999021, "Japan": 8530952.487998957, "China": 8931196.389999248}, "file_name": "2017"}