{"total_revenue": 172755947.31502715, "revenue_per_region": {"Canada": 17115337.59700325, "United States": 31948697.476024248, "China": 9508626.641999472, "Russia": 7892609.131998974, "Italy": 9477176.260999119, "India": 18583634.956003733, "France": 16419555.877002528, "Germany": 17613513.229003146, "United Kingdom": 35126541.75002706, "Japan": 9070254.395999067}, "file_name": "2018"}