{"total_revenue": 210991175.93360126, "revenue_per_region": {"United States": 41943184.37905483, "Germany": 22043909.898009107, "India": 20982150.684007183, "France": 21437888.509007584, "China": 10934601.009999802, "United Kingdom": 40815585.993053444, "Japan": 10247526.993999679, "Canada": 22252625.344010554, "Russia": 9666376.327999197, "Italy": 10667326.796999931}, "file_name": "2019"}