{"total_revenue": 235081135.41092467, "revenue_per_region": {"France": 23492542.12501123, "Canada": 24248363.608010255, "United States": 46645061.40707033, "China": 11945779.71100027, "Germany": 23277216.018008854, "Italy": 10735526.08500032, "United Kingdom": 48800235.92507661, "Russia": 11742304.281000314, "Japan": 11547742.857000252, "India": 22646363.39701006}, "file_name": "2020"}