{"total_revenue": 192846281.6542551, "revenue_per_region": {"France": 19592582.39600541, "Canada": 18943776.013005998, "United Kingdom": 40167759.03204756, "Japan": 8939012.43799926, "China": 9721249.952999342, "Russia": 9825003.922999656, "India": 18204944.688005526, "United States": 37003093.590039745, "Germany": 20330360.199006557, "Italy": 10118499.423999513}, "file_name": "2021"}