{"total_revenue": 19908913.770007327, "revenue_per_region": {"Japan": 0.83, "United Kingdom": 66.52, "Germany": 4.13, "United States": 76.5, "France": 8.850000000000001, "Russia": 2.92, "Italy": 99.68, "Canada": 3.26, "India": 24.900000000000002, "China": 11.19}, "file_name": "2015"}