{"total_revenue": 26146186.42601483, "revenue_per_region": {"United States": 6.58, "France": 14.879999999999999, "Canada": 8.3, "China": 9.84, "India": 5.07, "United Kingdom": 14.76, "Japan": 4.25, "Germany": 11.6, "Italy": 16.65, "Russia": 7.38}, "file_name": "2018"}