{"total_revenue": 29119835.38301552, "revenue_per_region": {"China": 20.85, "United Kingdom": 47.8, "Japan": 11.8, "Canada": 11.58, "France": 16.52, "Germany": 12.39, "United States": 3.78, "Russia": 1.25, "India": 17.700000000000003, "Italy": 3.4}, "file_name": "2019"}