{"total_revenue": 30934428.434018183, "revenue_per_region": {"United Kingdom": 12.39, "United States": 0.79, "Germany": 16.63, "China": 10.05, "Japan": 12.5, "Canada": 16.52, "France": 76.5, "India": 7.38, "Italy": 2.55, "Russia": 9.870000000000001}, "file_name": "2020"}