{"total_revenue": 30721279.940020423, "revenue_per_region": {"Germany": 16.64, "India": 3.75, "France": 29.75, "United Kingdom": 41.449999999999996, "Japan": 17.700000000000003, "Italy": 6.32, "Canada": 15.9, "United States": 3.57, "China": 1.26, "Russia": 0.83}, "file_name": "2021"}